Cluster,Score
1,1
2,1
3,1
4,0.95648
5,1
6,1
7,1
8,1
9,0.99608
10,1
