Cluster,Score
1,0.58782
2,0.98528
3,1
4,0.96184
5,1
6,1
7,0.65
8,1
